time_s,altitude_m,vertical_velocity_mps,vertical_acceleration_mps2,normal_force_n
0.0,2.0,0.0,0.0,0
0.004166666666666667,1.9998296875,-0.040875,-9.81,0
0.008333333333333333,1.9994890625,-0.08175,-9.81,0
0.0125,1.9989781249999998,-0.12262500000000001,-9.810000000000002,0
0.016666666666666666,1.9982968749999999,-0.1635,-9.809999999999999,0
0.020833333333333332,1.9974453124999998,-0.204375,-9.809999999999999,0
0.025,1.9964234374999998,-0.24525,-9.809999999999999,0
0.029166666666666667,1.9952312499999998,-0.286125,-9.810000000000006,0
0.03333333333333333,1.9938687499999999,-0.327,-9.809999999999999,0
0.0375,1.9923359374999998,-0.367875,-9.809999999999999,0
0.041666666666666664,1.9906328125,-0.40875,-9.809999999999999,0
0.04583333333333333,1.9887593749999999,-0.449625,-9.809999999999999,0
0.05,1.986715625,-0.4905,-9.809999999999999,0
0.05416666666666667,1.9845015625,-0.531375,-9.810000000000013,0
0.058333333333333334,1.9821171874999999,-0.57225,-9.809999999999999,0
0.0625,1.9795625,-0.613125,-9.809999999999999,0
0.06666666666666667,1.9768374999999998,-0.654,-9.809999999999999,0
0.07083333333333333,1.9739421874999998,-0.694875,-9.809999999999999,0
0.075,1.9708765624999998,-0.73575,-9.809999999999999,0
0.07916666666666666,1.9676406249999998,-0.776625,-9.809999999999999,0
0.08333333333333333,1.9642343749999998,-0.8175,-9.809999999999999,0
0.0875,1.9606578124999998,-0.858375,-9.809999999999999,0
0.09166666666666666,1.9569109374999998,-0.89925,-9.809999999999999,0
0.09583333333333333,1.9529937499999999,-0.940125,-9.809999999999999,0
0.1,1.9489062499999998,-0.981,-9.809999999999999,0
0.10416666666666667,1.9446484375,-1.021875,-9.810000000000025,0
0.10833333333333334,1.9402203125,-1.06275,-9.809999999999999,0
0.1125,1.9356218749999998,-1.103625,-9.809999999999999,0
0.11666666666666667,1.9308531249999998,-1.1445,-9.809999999999999,0
0.12083333333333333,1.9259140624999997,-1.185375,-9.809999999999999,0
0.125,1.9208046874999998,-1.22625,-9.809999999999999,0
0.12916666666666665,1.9155249999999997,-1.267125,-9.809999999999999,0
0.13333333333333333,1.9100749999999997,-1.308,-9.809999999999999,0
0.1375,1.9044546874999997,-1.348875,-9.809999999999999,0
0.14166666666666666,1.8986640624999997,-1.38975,-9.809999999999999,0
0.14583333333333334,1.8927031249999997,-1.430625,-9.809999999999999,0
0.15,1.8865718749999998,-1.4715,-9.809999999999999,0
0.15416666666666667,1.8802703124999998,-1.512375,-9.809999999999999,0
0.15833333333333333,1.8737984374999999,-1.55325,-9.809999999999999,0
0.1625,1.8671562499999999,-1.594125,-9.809999999999999,0
0.16666666666666666,1.8603437499999997,-1.635,-9.809999999999999,0
0.17083333333333334,1.8533609374999997,-1.675875,-9.809999999999999,0
0.175,1.8462078124999997,-1.71675,-9.809999999999999,0
0.17916666666666667,1.8388843749999997,-1.757625,-9.809999999999999,0
0.18333333333333332,1.8313906249999996,-1.7985,-9.809999999999999,0
0.1875,1.8237265624999996,-1.839375,-9.809999999999999,0
0.19166666666666665,1.8158921874999996,-1.88025,-9.809999999999999,0
0.19583333333333333,1.8078874999999996,-1.921125,-9.809999999999999,0
0.2,1.7997124999999996,-1.962,-9.809999999999999,0
0.20416666666666666,1.7913671874999997,-2.002875,-9.809999999999999,0
0.20833333333333334,1.7828515624999997,-2.04375,-9.810000000000052,0
0.2125,1.7741656249999997,-2.0846250000000004,-9.810000000000052,0
0.21666666666666667,1.7653093749999997,-2.1255000000000006,-9.810000000000052,0
0.22083333333333333,1.7562828124999996,-2.166375000000001,-9.810000000000052,0
0.225,1.7470859374999996,-2.207250000000001,-9.810000000000052,0
0.22916666666666666,1.7377187499999995,-2.2481250000000013,-9.810000000000052,0
0.23333333333333334,1.7281812499999996,-2.2890000000000015,-9.810000000000052,0
0.2375,1.7184734374999995,-2.3298750000000017,-9.810000000000052,0
0.24166666666666667,1.7085953124999995,-2.370750000000002,-9.810000000000052,0
0.24583333333333332,1.6985468749999995,-2.411625000000002,-9.810000000000052,0
0.25,1.6883281249999995,-2.4525000000000023,-9.810000000000052,0
0.25416666666666665,1.6779390624999995,-2.4933750000000026,-9.810000000000052,0
0.2583333333333333,1.6673796874999995,-2.534250000000003,-9.810000000000052,0
0.2625,1.6566499999999995,-2.575125000000003,-9.810000000000052,0
0.26666666666666666,1.6457499999999996,-2.616000000000003,-9.810000000000052,0
0.2708333333333333,1.6346796874999996,-2.6568750000000034,-9.810000000000052,0
0.275,1.6234390624999995,-2.6977500000000036,-9.810000000000052,0
0.2791666666666667,1.6120281249999995,-2.738625000000004,-9.810000000000052,0
0.2833333333333333,1.6004468749999994,-2.779500000000004,-9.810000000000052,0
0.2875,1.5886953124999994,-2.8203750000000043,-9.810000000000052,0
0.2916666666666667,1.5767734374999993,-2.8612500000000045,-9.810000000000052,0
0.29583333333333334,1.5646812499999994,-2.9021250000000047,-9.810000000000052,0
0.3,1.5524187499999993,-2.943000000000005,-9.810000000000052,0
0.30416666666666664,1.5399859374999993,-2.983875000000005,-9.810000000000052,0
0.30833333333333335,1.5273828124999993,-3.0247500000000054,-9.810000000000052,0
0.3125,1.5146093749999994,-3.0656250000000056,-9.810000000000052,0
0.31666666666666665,1.5016656249999993,-3.106500000000006,-9.810000000000052,0
0.3208333333333333,1.4885515624999992,-3.147375000000006,-9.810000000000052,0
0.325,1.4752671874999992,-3.1882500000000062,-9.810000000000052,0
0.32916666666666666,1.461812499999999,-3.2291250000000065,-9.810000000000052,0
0.3333333333333333,1.448187499999999,-3.2700000000000067,-9.810000000000052,0
0.3375,1.434392187499999,-3.310875000000007,-9.810000000000052,0
0.3416666666666667,1.420426562499999,-3.351750000000007,-9.810000000000052,0
0.3458333333333333,1.406290624999999,-3.3926250000000073,-9.810000000000052,0
0.35,1.391984374999999,-3.4335000000000075,-9.810000000000052,0
0.3541666666666667,1.3775078124999989,-3.4743750000000078,-9.810000000000052,0
0.35833333333333334,1.362860937499999,-3.515250000000008,-9.810000000000052,0
0.3625,1.3480437499999989,-3.556125000000008,-9.810000000000052,0
0.36666666666666664,1.333056249999999,-3.5970000000000084,-9.810000000000052,0
0.37083333333333335,1.317898437499999,-3.6378750000000086,-9.810000000000052,0
0.375,1.3025703124999988,-3.678750000000009,-9.810000000000052,0
0.37916666666666665,1.2870718749999988,-3.719625000000009,-9.810000000000052,0
0.3833333333333333,1.2714031249999986,-3.7605000000000093,-9.810000000000052,0
0.3875,1.2555640624999986,-3.8013750000000095,-9.810000000000052,0
0.39166666666666666,1.2395546874999985,-3.8422500000000097,-9.810000000000052,0
0.3958333333333333,1.2233749999999985,-3.88312500000001,-9.810000000000052,0
0.4,1.2070249999999985,-3.92400000000001,-9.810000000000052,0
0.4041666666666667,1.1905046874999985,-3.9648750000000104,-9.810000000000052,0
0.4083333333333333,1.1738140624999984,-4.005750000000011,-9.810000000000052,0
0.4125,1.1569531249999985,-4.04662500000001,-9.809999999999945,0
0.4166666666666667,1.1399218749999984,-4.08750000000001,-9.809999999999945,0
0.42083333333333334,1.1227203124999985,-4.12837500000001,-9.809999999999945,0
0.425,1.1053484374999984,-4.16925000000001,-9.809999999999945,0
0.42916666666666664,1.0878062499999983,-4.210125000000009,-9.809999999999945,0
0.43333333333333335,1.0700937499999983,-4.251000000000009,-9.809999999999945,0
0.4375,1.0522109374999982,-4.291875000000009,-9.809999999999945,0
0.44166666666666665,1.0341578124999982,-4.332750000000009,-9.809999999999945,0
0.4458333333333333,1.015934374999998,-4.3736250000000085,-9.809999999999945,0
0.45,0.9975406249999981,-4.414500000000008,-9.809999999999945,0
0.45416666666666666,0.978976562499998,-4.455375000000008,-9.809999999999945,0
0.4583333333333333,0.9602421874999979,-4.496250000000008,-9.809999999999945,0
0.46249999999999997,0.9413374999999978,-4.537125000000008,-9.809999999999945,0
0.4666666666666667,0.9222624999999978,-4.578000000000007,-9.809999999999945,0
0.4708333333333333,0.9030171874999977,-4.618875000000007,-9.809999999999945,0
0.475,0.8836015624999977,-4.659750000000007,-9.809999999999945,0
0.4791666666666667,0.8640156249999976,-4.700625000000007,-9.809999999999945,0
0.48333333333333334,0.8442593749999976,-4.7415000000000065,-9.809999999999945,0
0.4875,0.8243328124999976,-4.782375000000006,-9.809999999999945,0
0.49166666666666664,0.8042359374999976,-4.823250000000006,-9.809999999999945,0
0.49583333333333335,0.7839687499999975,-4.864125000000006,-9.809999999999945,0
0.5,0.7635312499999976,-4.905000000000006,-9.809999999999945,0
0.5041666666666667,0.7429234374999976,-4.945875000000005,-9.809999999999945,0
0.5083333333333333,0.7221453124999976,-4.986750000000005,-9.809999999999945,0
0.5125,0.7011968749999976,-5.027625000000005,-9.809999999999945,0
0.5166666666666666,0.6800781249999976,-5.068500000000005,-9.809999999999945,0
0.5208333333333334,0.6587890624999976,-5.109375000000004,-9.809999999999945,0
0.525,0.6373296874999975,-5.150250000000004,-9.809999999999945,0
0.5291666666666667,0.6156999999999975,-5.191125000000004,-9.809999999999945,0
0.5333333333333333,0.5938999999999974,-5.232000000000004,-9.809999999999945,0
0.5375,0.5719296874999974,-5.2728750000000035,-9.809999999999945,0
0.5416666666666666,0.5497890624999974,-5.313750000000003,-9.809999999999945,0
0.5458333333333333,0.5274781249999974,-5.354625000000003,-9.809999999999945,0
0.55,0.5049968749999973,-5.395500000000003,-9.809999999999945,0
0.5541666666666667,0.48234531249999735,-5.436375000000003,-9.809999999999945,0
0.5583333333333333,0.45952343749999736,-5.477250000000002,-9.809999999999945,0
0.5625,0.4365312499999974,-5.518125000000002,-9.809999999999945,0
0.5666666666666667,0.41336874999999734,-5.559000000000002,-9.809999999999945,0
0.5708333333333333,0.3900359374999973,-5.599875000000002,-9.809999999999945,0
0.575,0.3665328124999973,-5.6407500000000015,-9.809999999999945,0
0.5791666666666666,0.3428593749999973,-5.681625000000001,-9.809999999999945,0
0.5833333333333334,0.3190156249999973,-5.722500000000001,-9.809999999999945,0
0.5875,0.2950015624999973,-5.763375000000001,-9.809999999999945,0
0.5916666666666667,0.27081718749999734,-5.804250000000001,-9.809999999999945,0
0.5958333333333333,0.24646249999999734,-5.845125,-9.809999999999945,0
0.6,0.22193749999999735,-5.886,-9.809999999999945,0
0.6041666666666666,0.19724218749999733,-5.926875,-9.809999999999945,0
0.6083333333333333,0.17237656249999733,-5.96775,-9.809999999999945,0
0.6125,0.14734062499999734,-6.008624999999999,-9.809999999999945,0
0.6166666666666667,0.12213437499999734,-6.049499999999999,-9.809999999999945,0
0.6208333333333333,0.09675781249999735,-6.090374999999999,-9.809999999999945,0
0.625,0.07121093749999735,-6.131249999999999,-9.809999999999945,0
0.6291666666666667,0.04549374999999736,-6.1721249999999985,-9.809999999999945,0
0.6333333333333333,0.01960624999999737,-6.212999999999998,-9.809999999999945,0
0.6375,0.020436917185933903,0.19936012462476782,1538.9664299099438,960.2413865441654
0.6416666666666666,0.021201226609663382,0.1834342616950749,-3.8222071031263005,3.712431596061694
0.6458333333333334,0.021904392667521592,0.16875985388597,-3.5218578741851747,3.898648118005194
0.65,0.022551308347556087,0.15525976320827906,-3.2400217626458283,4.073386507159584
0.6541666666666667,0.02314647341410446,0.1428396159716092,-2.9808353368007623,4.234082091183527
0.6583333333333333,0.02369402770568589,0.13141302997954318,-2.742380638095847,4.381924004380574
0.6625,0.024197779889884512,0.1209005242076692,-2.523001385249757,4.51793914114515
0.6666666666666666,0.02466123395644386,0.11122897597424318,-2.321171576022244,4.643073622866209
0.6708333333333333,0.02508761359023402,0.10233111210963855,-2.1354873275051114,4.7581978569468335
0.675,0.02547988459449749,0.09414504102323318,-1.9646570607372893,4.86411262234288
0.6791666666666667,0.025840775520326407,0.08661382219893986,-1.8074925178303969,4.961554638945153
0.6833333333333333,0.02617279664586622,0.07968507012955497,-1.662900496652372,5.05120169207553
0.6875,0.02647825743725977,0.0733105899344528,-1.5298752468245214,5.133677346968797
0.6916666666666667,0.02675928261278802,0.06744604212677963,-1.4074914738415623,5.20955528621823
0.6958333333333333,0.027017826921944404,0.06205063419753178,-1.2948979030194825,5.2793633001279225
0.7,0.02725568874224393,0.05708683687188605,-1.1913113581549757,5.343586957943916
0.7041666666666666,0.027474522588343268,0.05252012306384137,-1.0960113139307233,5.402672985362949
0.7083333333333334,0.027675850620481748,0.048318727713235206,-1.0083348841454798,5.457032371829805
0.7125,0.02786107323229453,0.04445342683506774,-0.9276722107601915,5.507043229328684
0.7166666666666667,0.028031478791643732,0.040897334243808155,-0.8534622219023008,5.553053422420573
0.7208333333333333,0.028188202148888147,0.03761360573865938,-0.7880948412357064,5.593581198433864
0.725,0.028332388551591883,0.03460473664889697,-0.7221285815429784,5.634480279443352
0.7291666666666666,0.02846504030813615,0.03183642157062384,-0.6643956187855515,5.67027471635296
0.7333333333333333,0.028587080172756775,0.029289567508949996,-0.6112449748017218,5.703228115622932
0.7375,0.02869935707691853,0.026946456998820874,-0.5623465224309893,5.733545156092787
0.7416666666666667,0.02880265203916506,0.02479079093916768,-0.5173598543167662,5.761436890323603
0.7458333333333333,0.028897683598019402,0.022807574125041363,-0.4759720353903163,5.787097338058004
0.75,0.02898511281026814,0.02098301093969776,-0.4378951644824647,5.8107049980208725
0.7541666666666667,0.029065547849393362,0.019304409390053304,-0.4028643719146696,5.832424089412904
0.7583333333333333,0.029139548236137586,0.01776009281861371,-0.37063597714550256,5.85240569416979
0.7625,0.029207628730632106,0.016339318678684683,-0.3409857935829663,5.8707888079785615
0.7666666666666666,0.02927026291316175,0.015032203807114196,-0.313707569176917,5.88770130711031
0.7708333333333334,0.02932788647847604,0.013829655675429924,-0.28861155160422536,5.90326083800538
0.775,0.02938090026656061,0.01272330914029586,-0.26552316843217516,5.917575635572053
0.7791666666666667,0.029429673050953325,0.011705468254252227,-0.244281812650472,5.930745276156708
0.7833333333333333,0.029474544104000026,0.010769052731207873,-0.22473972553064492,5.9428613701709985
0.7875,0.02951582555689447,0.009907548694667104,-0.20676096876978467,5.954008199362733
0.7916666666666666,0.029553804570919828,0.00911496336608579,-0.1902204788595152,5.9642633031071
0.7958333333333333,0.029588745334994834,0.008385783378001117,-0.17500319714032153,5.973698017773
0.8,0.029620890903419655,0.007714936421957669,-0.16100326945042764,5.982377972940733
0.8041666666666667,0.0296504648866061,0.007097755964746141,-0.1481233097307666,5.990363547966925
0.8083333333333333,0.029677673006552024,0.00652994878702251,-0.13627372265367144,5.997710291954726
0.8125,0.029702704527880944,0.0060075651189406346,-0.1253720803396502,6.004469310189418
0.8166666666666667,0.029725733574401395,0.005526971164908127,-0.11534254896780172,6.010687619639965
0.8208333333333333,0.02974692034034342,0.0050848238260861045,-0.1061153613172855,6.016408475983285
0.825,0.02976641220469903,0.004678047445346417,-0.09762633137752497,6.021671674545934
0.8291666666666666,0.029784344756417076,0.0043038124123303476,-0.0898164079238567,6.026513827087208
0.8333333333333334,0.02980084273758471,0.003959515480232351,-0.08263126370351925,6.030968616503818
0.8375,0.02981602091115598,0.003642761657104379,-0.07602091755071316,6.035067031118556
0.8416666666666667,0.029829984859263615,0.0033513475458323075,-0.0699393867052972,6.038837580242716
0.8458333333333333,0.029842831717667693,0.0030832460169785136,-0.06434436692491052,6.042306492506555
0.85,0.029854650851449747,0.002836592107693138,-0.05919693822849015,6.045497898298336
0.8541666666666666,0.02986552447665212,0.0026096700485700453,-0.054461294189542264,6.048433997602484
0.8583333333333333,0.02987552823218802,0.0024009013286156525,-0.05010449278905427,6.0511352144707855
0.8624999999999999,0.02988473170599936,0.0022088337147219902,-0.046096227334478934,6.053620339052625
0.8666666666666667,0.029893198919123287,0.002032131149742024,-0.042408615595191934,6.055906658330982
0.8708333333333333,0.02990098877103385,0.0018695644585354707,-0.03901600588957277,6.058010076348466
0.875,0.029908155449357727,0.0017200027977303245,-0.03589479859323508,6.059945224872193
0.8791666666666667,0.029914748806812913,0.0015824057892448312,-0.03302328203651839,6.061725565137359
0.8833333333333333,0.02992081470799371,0.001455816283391094,-0.030381481404896937,6.063363481528963
0.8875,0.02992639534841263,0.001339353700540745,-0.027951019884083772,6.064870367671868
0.8916666666666666,0.029931529548020506,0.0012322079058900218,-0.025714990716173558,6.066256705755975
0.8958333333333334,0.029936253021244624,0.0011336335737884562,-0.023657839704375738,6.067532139383285
0.9,0.029940598625425384,0.0010429450033822216,-0.02176525689749631,6.068705540723555
0.9041666666666667,0.029944596589377398,0.0009595113484829748,-0.02002407717581922,6.0697850721509905
0.9083333333333333,0.029948274723666846,0.0008827522294674664,-0.01842218856372202,6.070778243090491
0.9125,0.0299516586140667,0.0008121336959646744,-0.016948448040670083,6.071691962214787
0.9166666666666666,0.029954771799536182,0.0007471645126754939,-0.01559260398940332,6.07253258552657
0.9208333333333333,0.02995763593596186,0.0006873927421629164,-0.014345224923018596,6.0733059605477315
0.9249999999999999,0.02996027094679998,0.0006324026011483852,-0.013197633843487488,6.074017467017041
0.9291666666666667,0.02996269516166769,0.0005818115682508576,-0.012141847895406621,6.074672054304847
0.9333333333333333,0.02996492544384718,0.0005352677230775413,-0.01117052284159592,6.075274275838209
0.9375,0.02996697730758961,0.0004924472981830408,-0.01027690197468012,6.075828320775697
0.9416666666666667,0.02996886502603529,0.00045305242696336984,-0.009454769092721027,6.076338043162514
0.9458333333333333,0.029970601730499896,0.0004168090715060552,-0.00869840530975552,6.076806988707949
0.95,0.029972199501818567,0.0003834651164809563,-0.008002549206023724,6.077238419492264
0.9541666666666666,0.029973669454382304,0.0003527886152964038,-0.007362360284292602,6.0776353366237394
0.9583333333333334,0.029975021813451592,0.0003245661766287794,-0.00677338528022986,6.078000501126257
0.9625,0.029976265986285396,0.00029860148011282006,-0.006231527163830242,6.0783364531584265
0.9666666666666667,0.029977410627579613,0.00027471391061210243,-0.0057330166801722315,6.078645529658294
0.9708333333333333,0.02997846369967059,0.00025273730183415777,-0.005274386106706719,6.078929880613841
0.975,0.029979432527922754,0.00023251878051962216,-0.004852445115488546,6.079191484028398
0.9791666666666666,0.02998032385168507,0.00021391770295543094,-0.004464258615405892,6.079432159658449
0.9833333333333333,0.029981143871171317,0.00019680467669990626,-0.004107126301325925,6.079653581693177
0.9874999999999999,0.02998189829058976,0.00018106066042607172,-0.003778563905720289,6.0798572903784525
0.9916666666666667,0.029982592357822732,0.00016657613591351123,-0.0034762858830145182,6.080044702752529
0.9958333333333333,0.02998323090093178,0.00015325034617191813,-0.0031981895379823433,6.0802171224864505
1.0,0.029983818361742662,0.00014099059461206848,-0.0029423403743639165,6.080375748967895
