time_s,altitude_m,vertical_velocity_mps,total_thrust_n,motor_rpm,battery_voltage_v
0.0,0.9998319119860077,-0.04034112335814688,0.07944084430774265,1446.809807692308,24.802453846153846
0.004166666666666667,0.9995016833320338,-0.07925487695374478,0.2918334649750322,2773.0459391025643,24.802347692307695
0.008333333333333333,0.9990180497706631,-0.11607205472896073,0.603803947047864,3988.756200587607,24.80224153846154
0.0125,0.9983917784552007,-0.15030511571099822,0.9883205258728226,5103.151081307871,24.802135384615386
0.016666666666666666,0.9976350578874211,-0.18161293626709696,1.42359630125251,6124.673529660421,24.802029230769232
0.020833333333333332,0.9967610090893032,-0.2097717115482983,1.892174238157243,7061.062915009233,24.80192307692308
0.025,0.9957832966698055,-0.23465098067946058,2.380164753283052,7919.413659271284,24.801816923076924
0.029166666666666667,0.9947158220129478,-0.256193917645838,2.8766109794030457,8706.228982537139,24.80171076923077
0.03333333333333333,0.9935724838038544,-0.2744011701824234,3.3729608225560894,9427.470169889813,24.80160461538462
0.0375,0.9923669936095434,-0.2893176466346532,3.8626283039082003,10088.601732655407,24.80149846153846
0.041666666666666664,0.9911127363204785,-0.3010217493755938,4.340629512148046,10694.632806216174,24.801392307692314
0.04583333333333333,0.9898226670038182,-0.30961663599847705,4.803280870514972,11250.155098005853,24.801286153846156
0.05,0.988509237175791,-0.3152231587265242,5.247949418066585,11759.377673172032,24.801180000000006
0.05416666666666667,0.9871843447155657,-0.3179741904540593,5.672846478942774,12226.158841433338,24.80107384615385
0.058333333333333334,0.9858593026557023,-0.3180100943672219,6.076857497721408,12654.03538669851,24.800967692307694
0.0625,0.984544822927738,-0.315475134711416,6.459401996783914,13046.24936088389,24.800861538461543
0.06666666666666667,0.9832510118433468,-0.31051466025388713,6.820318599280301,13405.772644912797,24.80075538461539
0.07083333333333333,0.9819873746749879,-0.30327292040615056,7.159770889343205,13735.329462964935,24.800649230769235
0.075,0.9807628271844766,-0.2938913977226977,7.478170575297789,14037.41702053837,24.80054307692308
0.07916666666666666,0.9795857123497473,-0.28250756033501434,7.776115003287278,14314.324422672995,24.80043692307693
0.08333333333333333,0.978463820872883,-0.2692539544474493,8.054336556069678,14568.150015655374,24.800330769230772
0.0875,0.9774044143276922,-0.2542575708457926,8.313661879926519,14800.81728358153,24.800224615384618
0.09166666666666666,0.9764142500322889,-0.23763943089679446,8.554979224410921,15014.089420206146,24.800118461538467
0.09583333333333333,0.9754996069192824,-0.2195143471215562,8.779212465755453,15209.582686471018,24.80001230769231
0.1,0.9746663118300255,-0.19999082142164099,8.987300624147386,15388.778654906126,24.799906153846162
0.10416666666666667,0.973919765785496,-0.17917105068706915,9.18018188530429,15553.035433663948,24.799800000000005
0.10833333333333334,0.9732649698894931,-0.15715101504070603,9.358781304178834,15703.597955217594,24.799693846153854
0.1125,0.9727065506038313,-0.13402062855883687,9.524001508502133,15841.60740766741,24.7995876923077
0.11666666666666667,0.9722487842033817,-0.10986393610789501,9.676715836700149,15968.109880105383,24.799481538461542
0.12083333333333333,0.9718956202738727,-0.08475934308216197,9.817763442229076,16084.0642875325,24.79937538461539
0.125,0.9716507041595998,-0.05877986742548964,9.947945977712843,16190.34963536633,24.799269230769237
0.12916666666666665,0.9715173983035051,-0.03199340546270661,10.068025540062116,16287.771678572983,24.799163076923083
0.13333333333333333,0.9714988024500488,-0.004463004829520126,10.17872361421815,16377.069025871388,24.79905692307693
0.1375,0.9715977727032274,0.023752860762874504,10.280720800148321,16458.9187352539,24.79895076923078
0.14166666666666666,0.9718169394490913,0.052600019007338954,10.374657146776311,16533.941443213513,24.79884461538462
0.14583333333333334,0.9721587241650762,0.08202833183636811,10.46113294895954,16602.706066535466,24.798738461538466
0.15,0.9726253551481567,0.111991435939332,10.540709890521027,16665.734112272894,24.798632307692316
0.15416666666666667,0.9732188822008669,0.14244649265045708,10.613912438615412,16723.503628557846,24.798526153846158
0.15833333333333333,0.9739411903191328,0.1733539483838259,10.68122941312528,16776.452826178025,24.79842000000001
0.1625,0.9747940124290538,0.20467730638103654,10.743115669984943,16824.983398355496,24.798313846153853
0.16666666666666666,0.9757789412215984,0.2363829102106772,10.79999384985053,16869.463563877154,24.798207692307695
0.17083333333333334,0.9768974401349377,0.2684397392014497,10.852256153826952,16910.23085663098,24.798101538461548
0.175,0.9781508535340634,0.30081921579015347,10.900266116399122,16947.594682680963,24.79799538461539
0.17916666666666667,0.9795404161366111,0.33349502461146097,10.944360352610554,16981.83866425242,24.79788923076924
0.18333333333333332,0.9810672617326106,0.366442943039886,10.98485026214965,17013.222788385232,24.797783076923086
0.1875,0.9827324312443124,0.3996406828084428,11.022023677561252,17041.98537653262,24.797676923076928
0.19166666666666665,0.9845368801704263,0.4330677422673247,11.05614644748163,17068.344890026696,24.797570769230777
0.19583333333333333,0.9864814854571122,0.4667052688046297,11.087463948750985,17092.501585088576,24.797464615384623
0.2,0.9885670518359694,0.5005359309257075,11.116202523616366,17114.639029920938,24.79735846153847
0.20416666666666666,0.9907943176671143,0.5345437994748002,11.142570840105003,17134.925495376243,24.797252307692315
0.20833333333333334,0.9931639603232792,0.5687142374795847,11.166761175111926,17153.515229735916,24.797146153846164
0.2125,0.9956766011487116,0.6030337981037724,11.188950620879135,17170.549627257926,24.797040000000006
0.21666666666666667,0.9983328100245586,0.6374901302032878,11.209302216407893,17186.158299345407,24.796933846153852
0.22083333333333333,1.0011331095703764,0.6720718909962354,11.2279660059906,17200.46005645124,24.7968276923077
0.225,1.0040779790094376,0.7067686653747063,11.24508002751646,17213.563808157225,24.796721538461544
0.22916666666666666,1.0071678577236314,0.7415708914064957,11.260771233530262,17225.569388246688,24.796615384615396
0.23333333333333334,1.0104031485219491,0.7764697915962405,11.275156348234031,17236.568311021,24.79650923076924
0.2375,1.0137842206448564,0.8114573094977274,11.28834266374126,17246.644464589765,24.796403076923088
0.24166666666666667,1.0173114125252385,0.8465260512916893,11.30042877894154,17255.874746386773,24.796296923076934
0.24583333333333332,1.0209850343250966,0.8816692319659225,11.311505284325893,17264.32964572634,24.796190769230776
0.25,1.0248053702657496,0.9168806257567335,11.321655396072678,17272.073777813246,24.796084615384625
0.25416666666666665,1.0287726807679678,0.9521545205323465,11.330955542611225,17279.166373251886,24.79597846153847
0.2583333333333333,1.032887204417217,0.987485675819804,11.339475906773663,17285.661726762948,24.795872307692317
0.2625,1.0371491597680378,1.0228692841969684,11.347280926522078,17291.60960850706,24.795766153846163
0.26666666666666666,1.0415587470004979,1.0583009357904039,11.354429757103176,17297.055641131472,24.795660000000012
0.2708333333333333,1.0461161494406568,1.0937765856381236,11.360976697340718,17302.04164539616,24.795553846153854
0.275,1.0508215349560461,1.1292925236934381,11.366971582630796,17306.605956997762,24.7954476923077
0.2791666666666667,1.055675057236306,1.1648453472623819,11.372460147058826,17310.78371699154,24.79534153846155
0.2833333333333333,1.0606768569683165,1.200431935682492,11.37748435691237,17314.607138011477,24.795235384615392
0.2875,1.0658270629144209,1.2360494270650346,11.382082717722344,17318.105748305392,24.795129230769245
0.2916666666666667,1.0711257929016549,1.2716951969361863,11.386290556827353,17321.30661543379,24.795023076923087
0.29583333333333334,1.0765731547292599,1.3073668386251887,11.390140283323568,17324.23455132713,24.794916923076936
0.3,1.082169247001173,1.343062145259165,11.393661627135678,17326.912300254997,24.794810769230782
0.30416666666666664,1.0879141598896527,1.3787790932351294,11.39688185882351,17329.360711131183,24.794704615384624
0.30833333333333335,1.0938079758356936,1.4145158270498106,11.399825991624551,17331.598895459996,24.794598461538474
0.3125,1.0998507701914322,1.4502706453772585,11.402516967124237,17333.644372120383,24.79449230769232
0.31666666666666665,1.1060426118093192,1.4860419882928777,11.40497582584413,17335.51320008471,24.794386153846165
0.3208333333333333,1.1123835635824464,1.521828425550555,11.407221863942382,17337.220100077655,24.79428000000001
0.325,1.1188736829400587,1.5576286458269755,11.409272777131369,17338.778566096826,24.79417384615386
0.32916666666666666,1.1255130223019507,1.5934414468540836,11.411144792833687,17340.20096764004,24.794067692307703
0.3333333333333333,1.1323016294951465,1.629265726366984,11.412852791519583,17341.49864341363,24.79396153846155
0.3375,1.1392395481359816,1.6651004738004271,11.41441041809634,17342.681987231725,24.793855384615398
0.3416666666666667,1.14632681798045,1.7009447626724192,11.415830184152423,17343.760526757287,24.79374923076924
0.3458333333333333,1.1535634752454436,1.7367977435984714,11.417123561796561,17344.74299568136,24.793643076923093
0.35,1.160949552903296,1.7726586378845852,11.418301069773745,17345.637399887404,24.793536923076935
0.3541666666666667,1.168485080951843,1.8085267316512939,11.419372352486251,17346.451078101916,24.793430769230785
0.35833333333333334,1.1761700866620304,1.8444013704449624,11.420346252497891,17347.190757490862,24.79332461538463
0.3625,1.184004594804931,1.880281954296129,11.421230877053608,17347.862604623035,24.793218461538473
0.36666666666666664,1.1919886278598808,1.916167933187957,11.422033659104018,17348.4722721865,24.793112307692322
0.37083333333333335,1.2001222062053012,1.952058802900894,11.422761413285013,17349.024941811986,24.793006153846168
0.375,1.2084053482936445,1.9879541012024156,11.423420387266402,17349.525363327655,24.792900000000014
0.37916666666666665,1.2168380708117832,2.02385340435329,11.424016308850067,17349.97789074266,24.79279384615386
0.3833333333333333,1.2254203888280504,2.059756323904145,11.424554429167232,17350.386515232054,24.79268769230771
0.3875,1.2341523159270433,2.0956625037582852,11.425039562296083,17350.754895372975,24.79258153846155
0.39166666666666666,1.2430338643332044,2.1315716174786807,11.425476121594837,17351.086384861126,24.792475384615397
0.3958333333333333,1.2520650450241164,2.1674833658188772,11.42586815302123,17351.38405791757,24.792369230769246
0.4,1.2612458678343632,2.203397474459249,11.426219365687338,17351.650732578288,24.79226307692309
0.4041666666666667,1.2705763415507447,2.2393136919315477,11.426533159878076,17351.888992042917,24.79215692307694
0.4083333333333333,1.280056473999562,2.275231787716113,11.426812652743312,17352.10120424447,24.792050769230784
0.4125,1.2896862721266344,2.311151550497403,11.427060701855957,17352.289539788202,24.791944615384633
0.4166666666666667,1.299465742070654,2.347072786564693,11.427279926812808,17352.455988395595,24.79183846153848
0.42083333333333334,1.3093948892304283,2.382995318345878,11.427472729040286,17352.602373978014,24.79173230769232
0.425,1.3194737183265255,2.4189189830633095,11.427641309953852,17352.730368454206,24.79162615384617
0.42916666666666664,1.329702233457782,2.4548436315015327,11.427787687607635,17352.841504416356,24.791520000000016
0.43333333333333335,1.3400804381531053,2.4907691268776047,11.427913711959508,17352.937186740633,24.791413846153862
0.4375,1.3506083354189615,2.5266953438054713,11.428021078866545,17353.0187032302,24.791307692307708
0.44166666666666665,1.3612859277829057,2.562622167346575,11.428111342916235,17353.087234371273,24.791201538461557
0.4458333333333333,1.3721132173334871,2.5985494921395196,11.428185929190153,17353.143862276233,24.7910953846154
0.45,1.3830902057568297,2.634477221602213,11.428246144048796,17353.189578881418,24.790989230769245
0.45416666666666666,1.394216894370165,2.670405267200458,11.428293185018857,17353.225293461815,24.790883076923095
0.4583333333333333,1.405493284152571,2.706333547777458,11.428328149857595,17353.251839519486,24.790776923076937
0.46249999999999997,1.4169193757731509,2.7422619889391697,11.428352044862704,17353.26998109799,24.79067076923079
0.4666666666666667,1.4284951696168628,2.7781905224908523,11.42836579249037,17353.280418570594,24.790564615384632
0.4708333333333333,1.4402206658081984,2.8141190859205505,11.428370238339118,17353.283793946124,24.79045846153848
0.475,1.4520958642328885,2.8500476219256052,11.428366157552134,17353.280695732665,24.790352307692327
0.4791666666666667,1.4641207645577994,2.885976077978606,11.428354260686522,17353.271663395968,24.79024615384617
0.48333333333333334,1.4762953662491722,2.921904405929505,11.428335199093775,17353.257191446304,24.79014000000002
0.4875,1.4886196685893425,2.957832561640877,11.428309569852157,17353.237733184753,24.790033846153865
0.49166666666666664,1.5010936706920657,2.9937605046535674,11.428277920288311,17353.213704137306,24.78992769230771
0.49583333333333335,1.5137173715165664,3.0296881978801955,11.428240752122283,17353.18548520279,24.789821538461556
0.5,1.526490769880417,3.0656156073241956,11.428198525267243,17353.153425538458,24.789715384615402
0.5041666666666667,1.539413864471343,3.1015427018222654,11.428151661312768,17353.117845205124,24.789609230769248
0.5083333333333333,1.5524866538580442,3.137469452808273,11.428100546717932,17353.079037591877,24.789503076923094
0.5125,1.5657091365001143,3.1733958340968376,11.428045535738406,17353.03727163871,24.789396923076943
0.5166666666666666,1.5790813107571349,3.2093218216849406,11.427986953109707,17352.992793873946,24.789290769230785
0.5208333333333334,1.5926031748970102,3.245247393570068,11.427925096506934,17352.945830281886,24.78918461538463
0.525,1.6062747271036082,3.281172529583506,11.427860238799564,17352.896588014806,24.78907846153848
0.5291666666666667,1.6200959654837646,3.3170972112375274,11.427792630118388,17352.84525696229,24.788972307692323
0.5333333333333333,1.6340668880737033,3.3530214215853116,11.427722499750256,17352.79201118979,24.788866153846175
0.5375,1.648187492844922,3.388945145092536,11.427650057874954,17352.73701025731,24.788760000000018
0.5416666666666666,1.6624577777095872,3.4248683675196685,11.427575497157346,17352.680400428177,24.788653846153867
0.5458333333333333,1.676877740525479,3.4607910758140696,11.427498994206905,17352.622315777113,24.788547692307713
0.55,1.6914473791005253,3.496713258011083,11.427420710915575,17352.562879205943,24.788441538461555
0.5541666666666667,1.706166691196956,3.5326349031433693,11.427340795684213,17352.50220337468,24.788335384615404
0.5583333333333333,1.7210356745351134,3.5685560011577966,11.4272593845468,17352.440391554996,24.78822923076925
0.5625,1.7360543267969437,3.604476542839255,11.42717660220099,17352.377538412595,24.788123076923096
0.5666666666666667,1.751222645629197,3.6403965197408192,11.427092562952794,17352.313730724367,24.788016923076942
0.5708333333333333,1.7665406286463625,3.6763159241197343,11.427007371582542,17352.2490480358,24.78791076923079
0.575,1.7820082734333573,3.7122347488787306,11.426921124138678,17352.183563263585,24.787804615384633
0.5791666666666666,1.7976255775479917,3.748152987512235,11.426833908665426,17352.117343248032,24.78769846153848
0.5833333333333334,1.8133925385232295,3.7840706340570587,11.426745805869798,17352.050449259415,24.78759230769233
0.5875,1.8293091538692594,3.8199876830472,11.426656889733035,17351.98293746216,24.78748615384617
0.5916666666666667,1.8453754210753945,3.855904129472409,11.426567228071102,17351.914859340315,24.787380000000024
0.5958333333333333,1.861591337611812,3.891819968740208,11.426476883048455,17351.846262087598,24.787273846153866
0.6,1.8779569009311499,3.927735196641075,11.426385911649016,17351.777188964916,24.787167692307715
0.6041666666666666,1.8944721084699687,3.9636498093165313,11.42629436610789,17351.707679628096,24.78706153846156
0.6083333333333333,1.9111369576500932,3.9995638032298855,11.426202294307108,17351.637770428322,24.786955384615403
0.6125,1.9279514458798408,4.035477175139418,11.426109740138383,17351.5674946875,24.786849230769253
0.6166666666666667,1.9449155705551482,4.071389922073798,11.426016743835664,17351.496882950723,24.7867430769231
0.6208333333333333,1.9620293290606046,4.10730204130955,11.425923342279933,17351.42596321765,24.786636923076944
0.625,1.979292718770398,4.143213530350401,11.425829569278653,17351.354761154642,24.78653076923079
0.6291666666666667,1.9967057370491827,4.179124386908344,11.42573545582188,17351.283300289193,24.78642461538464
0.6333333333333333,2.0142683812528754,4.215034608886282,11.425641030317067,17351.211602188174,24.78631846153848
0.6375,2.0319806487293843,4.250944194362117,11.425546318804278,17351.139686621213,24.786212307692328
0.6416666666666666,2.0498425368192765,4.28685314157417,11.42545134515349,17351.06757171047,24.786106153846177
0.6458333333333334,2.0678540428563923,4.322761448907809,11.42535613124543,17350.995274067933,24.78600000000002
0.65,2.0860151641684057,4.358669114883194,11.42526069713736,17350.92280892125,24.785893846153872
0.6541666666666667,2.1043258980773394,4.394576138144048,11.425165061215026,17350.850190229095,24.785787692307714
0.6583333333333333,2.1227862419000365,4.430482517447354,11.425069240331966,17350.77743078693,24.785681538461564
0.6625,2.1413961929485943,4.466388251653921,11.424973249937196,17350.704542323918,24.78557538461541
0.6666666666666666,2.1601557485307596,4.50229333971973,11.424877104192257,17350.631535591798,24.78546923076925
0.6708333333333333,2.179064905950293,4.538197780687999,11.424780816078517,17350.55842044633,24.7853630769231
0.675,2.198123662507301,4.57410157368192,11.424684397495504,17350.48520592196,24.785256923076947
0.6791666666666667,2.2173320154985423,4.61000471789799,11.424587859351087,17350.41190030026,24.785150769230793
0.6833333333333333,2.2366899622177088,4.645907212599899,11.424491211644092,17350.338511172675,24.78504461538464
0.6875,2.2561974999556793,4.681809057112937,11.424394463540086,17350.265045498032,24.784938461538488
0.6916666666666667,2.2758546260007577,4.717710250818857,11.424297623440795,17350.191509655248,24.78483230769233
0.6958333333333333,2.2956613376388875,4.753610793151167,11.424200699047773,17350.11790949167,24.784726153846176
0.7,2.3156176321538493,4.789510683590823,11.424103697420755,17350.044250367366,24.784620000000025
0.7041666666666666,2.335723506827442,4.825409921662269,11.424006625031128,17349.970537195728,24.784513846153867
0.7083333333333334,2.3559789589396494,4.861308506929816,11.423909487810972,17349.8967744807,24.78440769230772
0.7125,2.3763839857687925,4.897206438994319,11.423812291198015,17349.8229663509,24.784301538461563
0.7166666666666667,2.396938584591668,4.93310371749013,11.423715040176809,17349.74911659089,24.784195384615412
0.7208333333333333,2.4176427526836775,4.969000342082311,11.423617739316516,17349.675228669857,24.784089230769258
0.725,2.4384964873189445,5.004896312464068,11.42352039280551,17349.601305767883,24.7839830769231
0.7291666666666666,2.4594997857704213,5.040791628354412,11.423423004483121,17349.527350800046,24.78387692307695
0.7333333333333333,2.4806526453099877,5.076686289496003,11.423325577868724,17349.453366438505,24.783770769230795
0.7375,2.5019550632085426,5.112580295653183,11.423228116188392,17349.379355132733,24.78366461538464
0.7416666666666667,2.523407036736085,5.148473646610168,11.423130622399357,17349.305319128085,24.783558461538487
0.7458333333333333,2.5450085631617907,5.184366342169391,11.423033099212384,17349.231260482797,24.783452307692336
0.75,2.5667596397540824,5.220258382149985,11.422935549112353,17349.157181083592,24.78334615384618
0.7541666666666667,2.5886602637806924,5.25614976638639,11.42283797437704,17349.08308265996,24.783240000000024
0.7583333333333333,2.610710432508722,5.292040494727078,11.422740377094419,17349.00896679727,24.783133846153873
0.7625,2.632910143204694,5.327930567033385,11.422642759178443,17348.934834948785,24.783027692307716
0.7666666666666666,2.6552593931346045,5.363819983178436,11.422545122383562,17348.860688446643,24.78292153846157
0.7708333333333334,2.6777581795639636,5.3997087430461645,11.42244746831802,17348.786528511988,24.78281538461541
0.775,2.70040649975784,5.435596846530412,11.422349798456041,17348.712356264197,24.78270923076926
0.7791666666666667,2.723204350980899,5.471484293534101,11.422252114148973,17348.638172729363,24.782603076923106
0.7833333333333333,2.7461517304974343,5.50737108396848,11.422154416635559,17348.563978848073,24.78249692307695
0.7875,2.7692486355714028,5.543257217752427,11.422056707051308,17348.48977548253,24.782390769230798
0.7916666666666666,2.792495063466452,5.579142694811816,11.421958986437094,17348.41556342309,24.782284615384643
0.7958333333333333,2.8158910114459474,5.615027515078934,11.421861255747059,17348.341343394244,24.78217846153849
0.8,2.839436476772997,5.650911678491943,11.42176351585581,17348.26711606011,24.782072307692335
0.8041666666666667,2.863131456710474,5.686795184994397,11.42166576756508,17348.19288202946,24.781966153846184
0.8083333333333333,2.8869759485210356,5.722678034534785,11.421568011609793,17348.11864186034,24.781860000000027
0.8125,2.9109699494671446,5.758560227066126,11.421470248663612,17348.044396064288,24.781753846153872
0.8166666666666667,2.9351134568110844,5.794441762545589,11.42137247934407,17347.970145110216,24.781647692307722
0.8208333333333333,2.9594064678149765,5.8303226409341455,11.421274704217227,17347.895889427957,24.781541538461564
0.825,2.9838489797407943,5.866202862196255,11.421176923801976,17347.821629411526,24.781435384615417
0.8291666666666666,3.008440989850376,5.902082426299575,11.421079138573969,17347.747365422107,24.78132923076926
0.8333333333333334,3.033182495405437,5.937961333214691,11.420981348969207,17347.67309779078,24.7812230769231
0.8375,3.0580734936675826,5.9738395829148745,11.42088355538737,17347.598826821035,24.781116923076954
0.8416666666666667,3.0831139818983155,6.009717175375862,11.420785758194818,17347.524552791077,24.781010769230797
0.8458333333333333,3.1083039573590474,6.045594110575642,11.42068795772739,17347.450275955925,24.780904615384646
0.85,3.1336434173111067,6.081470388494278,11.42059015429293,17347.375996549345,24.78079846153849
0.8541666666666666,3.1591323590157474,6.117346009113724,11.42049234817363,17347.30171478562,24.780692307692334
0.8583333333333333,3.1847707797341545,6.153220972417677,11.42039453962816,17347.227430861178,24.780586153846183
0.8624999999999999,3.210558676727452,6.189095278391425,11.420296728893643,17347.153144956083,24.78048000000003
0.8666666666666667,3.2364960472567095,6.224968927021717,11.420198916187429,17347.078857235385,24.780373846153875
0.8708333333333333,3.2625828885829455,6.2608419182966415,11.420101101708767,17347.00456785039,24.78026769230772
0.875,3.2888191979671353,6.296714252205514,11.420003285640284,17346.93027693978,24.78016153846157
0.8791666666666667,3.3152049726702133,6.3325859287387765,11.419905468149407,17346.855984630696,24.780055384615412
0.8833333333333333,3.3417402099530795,6.3684569478879,11.419807649389604,17346.78169103968,24.779949230769258
0.8875,3.3684249070766015,6.404327309645303,11.419709829501542,17346.707396273556,24.779843076923108
0.8916666666666666,3.395259061301619,6.440197014004269,11.419612008614177,17346.63310043025,24.77973692307695
0.8958333333333334,3.4222426698889477,6.476066060958877,11.419514186845715,17346.558803599524,24.779630769230803
0.9,3.449375730099381,6.511934450503935,11.41941636430451,17346.484505863667,24.779524615384645
0.9041666666666667,3.476658239193693,6.547802182634915,11.41931854108989,17346.410207298108,24.779418461538494
0.9083333333333333,3.5040901944326426,6.583669257347905,11.4192207172929,17346.335907971985,24.77931230769234
0.9125,3.531671593076974,6.619535674639551,11.419122892996999,17346.26160794868,24.779206153846182
0.9166666666666666,3.55940243238742,6.655401434507016,11.41902506827869,17346.18730728629,24.77910000000003
0.9208333333333333,3.587282709624703,6.69126653694793,11.418927243208106,17346.113006038075,24.778993846153877
0.9249999999999999,3.615312422049538,6.72713098196036,11.418829417849535,17346.038704252853,24.778887692307723
0.9291666666666667,3.643491566922633,6.7629947695427655,11.418731592261896,17345.964401975372,24.77878153846157
0.9333333333333333,3.671820141504691,6.79885789969397,11.418633766499209,17345.89009924666,24.77867538461542
0.9375,3.700298143056412,6.83472037241313,11.418535940610987,17345.81579610431,24.77856923076926
0.9416666666666667,3.7289255688384944,6.870582187699706,11.418438114642619,17345.741492582798,24.778463076923106
0.9458333333333333,3.7577024161116337,6.90644334555344,11.418340288635711,17345.66718871372,24.778356923076956
0.95,3.7866286821365267,6.9423038459743305,11.418242462628404,17345.59288452604,24.778250769230798
0.9541666666666666,3.815704364173871,6.978163688962608,11.418144636655658,17345.518580046308,24.77814461538465
0.9583333333333334,3.8449294594843657,7.01402287451872,11.418046810749514,17345.44427529886,24.778038461538493
0.9625,3.874303965328713,7.0498814026433125,11.417948984939352,17345.36997030601,24.777932307692343
0.9666666666666667,3.903827878967618,7.085739273337211,11.417851159252098,17345.2956650882,24.77782615384619
0.9708333333333333,3.9335011976617906,7.121596486601407,11.417753333712442,17345.221359664185,24.77772000000003
0.975,3.963323918671945,7.157453042437046,11.417655508343005,17345.147054051147,24.77761384615388
0.9791666666666666,3.993296039258801,7.19330894084541,11.417557683164528,17345.072748264836,24.777507692307726
0.9833333333333333,4.023417556683084,7.22916418182791,11.417459858196025,17344.99844231969,24.77740153846157
0.9874999999999999,4.053688468205526,7.265018765386075,11.417362033454923,17344.92413622895,24.777295384615417
0.9916666666666667,4.084108771086866,7.30087269152154,11.417264208957201,17344.849830004747,24.777189230769267
0.9958333333333333,4.114678462587849,7.336725960236039,11.417166384717499,17344.775523658198,24.77708307692311
